{
    "savedObjects": [
        {
            "saveID": "enemy position",
            "score": 0,
            "position": {
                "x": 2.329052209854126,
                "y": 0.6632465124130249,
                "z": 0.03302032873034477
            }
        }
    ]
}